keyword;antal
globalization;73
power;27
state;26
politics;26
policy;25
developing countries;25
political economy;23
governance;21
institutions;21
development;20
economy;19
trade;18
wto;18
latin america;18
capitalism;17
markets;16
imf;16
crisis;16
neoliberalism;15
international political economy;14
united states;13
european union;13
america;13
system;12
regime;12
networks;12
hegemony;11
foreign direct investment;11
financial crisis;11
world;10
regionalism;10
growth;10
democracy;10
banking;9
taxation;8
inequality;8
global governance;8
human rights;8
china;8
aid;8
brazil;8
civil society;8
